[{"name":"Anu","username":"Anu","password":"password","email":"anu@gmail.com"},{"age":"23","DOB":"2020-02-09","phone_no":"999-999-9999"},{"name":"Dhaarani","username":"Dhaarani","password":"password","email":"dhaaranieaswari@gmail.com"},{"name":"Chitra","username":"Chitra","password":"password","email":"chitra@gmail.com"},{"age":"22","DOB":"2020-02-04","phone_no":"999-999-9999"},{"age":"20","DOB":"1999-12-11","phone_no":"987-654-3210"},{"age":"22","DOB":"2020-02-05","phone_no":"999-999-9999"},{"age":"22","DOB":"2020-02-05","phone_no":"999-999-9999"},{"age":"22","DOB":"2020-02-05","phone_no":"999-999-9999"},{"age":"22","DOB":"2020-02-04","phone_no":"999-999-9999"},{"age":"22","DOB":"2020-02-03","phone_no":"999-999-9999"},{"age":"22","DOB":"2020-02-03","phone_no":"999-999-9999"},{"age":"22","DOB":"2020-02-03","phone_no":"999-999-9999"},{"age":"22","DOB":"2020-02-11","phone_no":"807-217-8244"},{"name":"Sowmiya","username":"Sowmiya","password":"Sowmiya@123","email":"sowmiya@gmail.com"},{"age":"20","DOB":"1999-02-05","phone_no":"987-654-6789"},{"age":"22","DOB":"1999-10-25","phone_no":"897-876-8432"}]